0,0.9784717032630479,0.006166644216066071,10000.0,119.0,1.19
1,0.9365633593924793,0.00616764420062064,,,
2,0.9583827540049475,0.006169403359660702,,,
3,0.9834711876548814,0.006172406993482118,,,
4,1.0066241263504554,0.006176631165354385,,,
5,1.0268739510891167,0.006182866387917994,,,
6,1.043030068738742,0.006190722622352123,,,
7,1.0576756809672123,0.006200166358202777,,,
8,1.0713491773788903,0.006209897672789813,,,
9,1.0845457361403545,0.006221527323782836,,,
10,1.0969281593169073,0.00623497580822317,,,
11,1.1091554740230671,0.006246588203467403,,,
12,1.1166582412019859,0.006259932886925333,,,
13,1.1251805382173234,0.0062721547123717235,,,
14,1.1353895939840755,0.006285928815729327,,,
15,1.142681252800483,0.006298489316119218,,,
16,1.1515343415348085,0.0063074561905530745,,,
17,1.1598550113878465,0.006319832714967545,,,
18,1.1679521938723259,0.006327617587459227,,,
19,1.174409323455816,0.006335773033484734,,,
20,1.1795379095948464,0.006344981942018536,,,
21,1.1865124274280836,0.0063511380627209475,,,
22,1.1930661004358518,0.006357635987445287,,,
23,1.197721309695569,0.006361969521969592,,,
24,1.203724646193552,0.006365664016142845,,,
25,1.2096301390855562,0.00636979532818034,,,
26,1.2145465669078872,0.006372473712470094,,,
27,1.219121008853597,0.0063756218791038086,,,
28,1.2241169325615773,0.006378751033514315,,,
29,1.2282029462258184,0.006382400864578564,,,
30,1.2333322287395152,0.006384386733003733,,,
31,1.2376236222695323,0.006386609167935617,,,
32,1.2426969009846993,0.006390215914629728,,,
33,1.2471822617397645,0.006393334333012706,,,
34,1.252083711294439,0.006395524810759443,,,
35,1.2561281518295417,0.006400234438559826,,,
36,1.260467368262348,0.006402703479371598,,,
37,1.2653217382547393,0.006405421415638811,,,
38,1.2691706215017322,0.006409308124621869,,,
39,1.2736435488068945,0.006414145290586946,,,
40,1.2788537635250097,0.006416551731310885,,,
41,1.283446174719226,0.006419479995845482,,,
42,1.2873621893647949,0.0064236518077805576,,,
43,1.291504474867591,0.006426295268466329,,,
44,1.2956264436694507,0.006429631302741392,,,
45,1.300299455543432,0.006432210136988942,,,
46,1.3040399172825234,0.006434135624839046,,,
47,1.3089492962005058,0.006437761341550091,,,
48,1.3126270638985462,0.006440894633514012,,,
49,1.3166167780423887,0.006445448747193272,,,
50,1.3208261368813918,0.006449096497483763,,,
51,1.3251647368776112,0.006452613039973819,,,
52,1.3296769418673575,0.006456544664017799,,,
53,1.3344541693226355,0.006460652896633509,,,
54,1.3388521837972174,0.006464371798781754,,,
55,1.3425499661313842,0.006468947921868179,,,
56,1.347140269393677,0.006472352953178128,,,
57,1.3520375450984679,0.006475422882365769,,,
58,1.3561412321979456,0.006478845473920984,,,
59,1.3612251247732272,0.006482721128288211,,,
60,1.3657203071589923,0.006485647684188326,,,
61,1.3706563374291376,0.006489261385532955,,,
62,1.3751312196308147,0.006492971039224665,,,
63,1.3796676652222513,0.006496951925705015,,,
64,1.3843789457476179,0.006501359438777387,,,
65,1.3889178303779286,0.006505303655056691,,,
66,1.3933804575629034,0.0065089986538658514,,,
67,1.3982720801472748,0.00651207266027147,,,
68,1.4024210872674252,0.006514940147918698,,,
69,1.4067160473171658,0.006518932152647509,,,
70,1.4111877514421278,0.00652221733528735,,,
71,1.4157338346430235,0.006525540201707649,,,
72,1.4200111337669103,0.006529559251536242,,,
73,1.4245972170629226,0.006532410160396406,,,
74,1.4294287432771,0.006535553783063717,,,
75,1.4338545070956943,0.006539345637969056,,,
76,1.4386338599568491,0.006543112955242277,,,
77,1.443411127692854,0.006546374357458454,,,
78,1.4481480129402493,0.006549968756142103,,,
79,1.4526777809605507,0.006553465807818437,,,
80,1.4574627254027634,0.006556509819140638,,,
81,1.461902628990219,0.006560650882577171,,,
82,1.4669901340750455,0.006564324313939001,,,
83,1.471215222740701,0.006567784782696891,,,
84,1.4753516675603542,0.006570647115186271,,,
85,1.4799263372514462,0.006573143888211032,,,
86,1.4843153524042625,0.00657652468326792,,,
87,1.489038704490616,0.006579416517754272,,,
88,1.4940348570376285,0.006582794876773848,,,
89,1.4986480276469292,0.006586310386045621,,,
90,1.5037208015557755,0.006589669029645204,,,
91,1.5087732865044492,0.0065928274461430625,,,
92,1.5131565865016965,0.006595798657338657,,,
93,1.5180120058373159,0.0065988494359994305,,,
94,1.5227940716642445,0.0066017203747186694,,,
95,1.527091311628981,0.006604615002842332,,,
96,1.5315354467085076,0.006607428923624249,,,
97,1.5364290724921827,0.00661018625164996,,,
98,1.541521201427951,0.006612908601383653,,,
99,1.5464237323261103,0.006615223056850813,,,
100,1.5507553063819606,0.006617767653268466,,,
101,1.5555408146265648,0.006620678288070357,,,
102,1.5604998351544266,0.0066232536774838875,,,
103,1.5648820301268345,0.006626078592327814,,,
104,1.5697811919667166,0.0066289316920535545,,,
105,1.5743811417277154,0.00663155101247321,,,
106,1.5789992716950139,0.006633424924321724,,,
107,1.584133471812028,0.006636020581750094,,,
108,1.589008552294699,0.006638560208800008,,,
109,1.5939202840877278,0.006641151200281999,,,
110,1.598765813923539,0.00664320253273893,,,
111,1.6035917740520431,0.006645304297791265,,,
112,1.6081689661052103,0.0066470042874773915,,,
113,1.613187794574191,0.006649232319334401,,,
114,1.618023676372522,0.006651208466833327,,,
115,1.623088362842183,0.006653345751045029,,,
116,1.6276732542705479,0.006654927514354793,,,
117,1.632395910849816,0.006656663686633647,,,
118,1.6370976421223746,0.006658465733676242,,,
119,1.6414626989778855,0.0066599901887998275,,,
120,1.6460339040782195,0.006661216820105104,,,
121,1.6508672252284715,0.006662882691980166,,,
122,1.655488862377897,0.006664212369136833,,,
123,1.6602602312827726,0.006665666022159272,,,
124,1.6650664271857079,0.006667282200385952,,,
125,1.6695249458927535,0.006668309132499599,,,
126,1.6743019751612365,0.006669327110806923,,,
127,1.6790514489024533,0.006670452164665347,,,
128,1.6836152129310828,0.006671057506879439,,,
129,1.6886425085289487,0.006672397832199857,,,
130,1.6936034367727262,0.006673014299323948,,,
131,1.6982481627316093,0.006673954545894602,,,
132,1.7030107562986099,0.006674419365677596,,,
133,1.7078187323954488,0.006675042461044711,,,
134,1.712561732908731,0.006675321427638539,,,
135,1.7173171408492676,0.006675851137719897,,,
136,1.721619716989297,0.006675639027620209,,,
137,1.7259225399382225,0.006675627008945683,,,
138,1.7300819556183336,0.006675068196040936,,,
139,1.735080034752853,0.006675047759369755,,,
140,1.7392481439108154,0.006674659067518201,,,
141,1.7438538198907354,0.0066743604165307524,,,
142,1.7482786574357085,0.006673730767829072,,,
143,1.7525297139950242,0.0066729121418526135,,,
144,1.7565723464357688,0.006671599431951993,,,
145,1.7608534749969236,0.006670240645035842,,,
146,1.7651259490081381,0.006668988108809353,,,
147,1.7696819006629683,0.006667942265717728,,,
148,1.7742844463507497,0.006666980534459691,,,
149,1.7786869804864545,0.006665371109414098,,,
150,1.7825636411550394,0.006663338427359588,,,
151,1.786937905434354,0.00666168579138554,,,
152,1.791317549917964,0.006659846290576949,,,
153,1.795598789926759,0.0066579071367804665,,,
154,1.7995111369433616,0.006655437532852909,,,
155,1.8035159454992178,0.006652994573840154,,,
156,1.8075545877811445,0.006650325792632721,,,
157,1.8115553385186938,0.006647482563364489,,,
158,1.8152614673665448,0.006644094855984691,,,
159,1.8196819845819876,0.0066415884872498025,,,
160,1.8236184759529064,0.0066381498897129555,,,
161,1.8274599199644388,0.006634383914350565,,,
162,1.8312155109675594,0.006630316848311789,,,
163,1.8348966455855886,0.00662638325652095,,,
164,1.838401823802741,0.006621678386240281,,,
165,1.8419329015388315,0.006617064559792419,,,
166,1.8451271455643476,0.006612169216258888,,,
167,1.849062439154062,0.00660739359961868,,,
168,1.8527415961936353,0.006602247405802426,,,
169,1.85615146884917,0.006596757588399839,,,
170,1.8596002980302184,0.006591042884584219,,,
171,1.8623831379464881,0.006584633555289621,,,
172,1.8656755149206576,0.006578772644733538,,,
173,1.8689212959976025,0.0065726021685076404,,,
174,1.8719919606677615,0.006565941777263799,,,
175,1.8753345599352567,0.006559382946568248,,,
176,1.8780149429676867,0.00655201265828817,,,
177,1.8813297161754052,0.006545240199895471,,,
178,1.8839338748541734,0.0065375884010113895,,,
179,1.8870149147925643,0.006530127249791746,,,
180,1.8897021656086126,0.006521904846128478,,,
181,1.8923730520278141,0.006513768510331535,,,
182,1.8951054735514856,0.006505105560627462,,,
183,1.8979093048234268,0.006496513533196137,,,
184,1.9003821408839188,0.0064877492145907645,,,
185,1.902877449248667,0.006478751154312359,,,
186,1.90463383884137,0.006468489587324439,,,
187,1.9068123485653472,0.006458743946075761,,,
188,1.9087559375692469,0.0064485917355751295,,,
189,1.9108659484825363,0.006438037568862835,,,
190,1.912797194144215,0.006427121615309859,,,
191,1.91453991483759,0.006416017321532339,,,
192,1.916495820086364,0.006404628976003249,,,
193,1.918534232467725,0.006393601503552992,,,
194,1.9198965803490828,0.006381149028256836,,,
195,1.9211853891049828,0.006368905714582754,,,
196,1.9224468866858422,0.0063564080251924384,,,
197,1.923500742253587,0.006342829501703572,,,
198,1.9250807646891008,0.006330329189977927,,,
199,1.9257494333343559,0.006316225447436068,,,
200,1.9263527322037641,0.006301490661692957,,,
201,1.9272492829215673,0.006287331613518371,,,
202,1.9281726342981527,0.00627299713284306,,,
203,1.9287133777806635,0.006258342754037563,,,
204,1.9292451865397473,0.00624330474267042,,,
205,1.9298314631366795,0.0062282979647447475,,,
206,1.930314006157863,0.006212843357073923,,,
207,1.9307184328253109,0.006197060338308147,,,
208,1.9307203585843404,0.006180889869986146,,,
209,1.930851396345089,0.006164317607516272,,,
210,1.931040708962226,0.006147941579520297,,,
211,1.930757272692401,0.006130423959398606,,,
212,1.9303565366382451,0.006112495754296264,,,
213,1.9298204761912747,0.006094460706209393,,,
214,1.9290366610257819,0.006075641932532899,,,
215,1.928344860936448,0.006057039576728204,,,
216,1.9271024077335677,0.0060374819368511756,,,
217,1.926243759789526,0.006018234115483096,,,
218,1.9253192438823818,0.005998346831783717,,,
219,1.9240160084767342,0.0059779679903712675,,,
220,1.9223379060220147,0.005956938396357144,,,
221,1.9208351850508667,0.00593618221978889,,,
222,1.9187181816455217,0.005914241064238753,,,
223,1.9170534341028085,0.0058929200970075585,,,
224,1.9151099427988512,0.005871292649578045,,,
225,1.913192352323055,0.005849416767731928,,,
226,1.9107420800384767,0.00582639198803751,,,
227,1.9081199296675022,0.0058031195758143075,,,
228,1.9054680578849397,0.005779346637640411,,,
229,1.902775642075686,0.005755810118318884,,,
230,1.9000862889621737,0.005732168900849116,,,
231,1.8973591564750745,0.005708196312757299,,,
232,1.8943634853986515,0.005683466860809708,,,
233,1.8912301371764093,0.005658663118524901,,,
234,1.887770450747562,0.005633051043548764,,,
235,1.884369272093787,0.0056074498717720925,,,
236,1.880563475745852,0.005581044308561899,,,
237,1.8771233936507437,0.005555371115235273,,,
238,1.873490658212868,0.005528979556099296,,,
239,1.8691444173576557,0.005501838850382388,,,
240,1.864891406707709,0.005474430369063082,,,
241,1.8605342949136552,0.005447082273271552,,,
242,1.855943772143808,0.00541879093207587,,,
243,1.8514191229040302,0.005390285543724441,,,
244,1.8467526279732103,0.00536171845302929,,,
245,1.8422282042077378,0.005333740462575393,,,
246,1.8371417022077794,0.00530469479606664,,,
247,1.8320116285149333,0.005275666085940932,,,
248,1.8266316842115184,0.005246052271757832,,,
249,1.8213029856472198,0.005216010003491703,,,
250,1.815739928809319,0.005185878378031151,,,
251,1.8099403487050056,0.005155547738103716,,,
252,1.8041153288869731,0.005124725271570107,,,
253,1.797932799328978,0.005093744288349736,,,
254,1.792033379815327,0.005062870599693947,,,
255,1.785507102812916,0.005030975070290392,,,
256,1.7785347504368672,0.0049982252670400604,,,
257,1.772385981766057,0.00496737801544362,,,
258,1.766070341469417,0.004935847202380262,,,
259,1.7596039022536072,0.004904053121283044,,,
260,1.752862747235073,0.004871733016204225,,,
261,1.7460869605865386,0.004839234433679618,,,
262,1.7393276655233614,0.00480699249407578,,,
263,1.7319407838556413,0.0047736681099372295,,,
264,1.7243794636220575,0.004739971768149965,,,
265,1.7164281656184097,0.004705489823311263,,,
266,1.7091345380858232,0.004672125534871331,,,
267,1.7015544903892441,0.004638491319551483,,,
268,1.6938574240733273,0.004605017343979699,,,
269,1.6861768613929342,0.004571112287261784,,,
270,1.6781977385621358,0.0045371517385661385,,,
271,1.6702706816978121,0.004503399110214155,,,
272,1.6623971756901477,0.004469781286326049,,,
273,1.6541705294003552,0.004435481857658343,,,
274,1.6457745502335215,0.004401162451613887,,,
275,1.637099213189497,0.0043660382131685055,,,
276,1.628715918766108,0.004331626082553508,,,
277,1.6200488832939057,0.004296819443940614,,,
278,1.6115648730288479,0.004262275319785291,,,
279,1.6022414352145935,0.004226530949374491,,,
280,1.5931689258494786,0.004191549603487046,,,
281,1.5839418651872723,0.004156154349515544,,,
282,1.574265859263375,0.00411985905097494,,,
283,1.5649989432675713,0.004084660997423187,,,
284,1.5556252708708507,0.004049322394357903,,,
285,1.5459814484761851,0.0040136913635133095,,,
286,1.536330062302336,0.003978074411800308,,,
287,1.5266766529844615,0.003942768356289211,,,
288,1.5170580879058877,0.003907728221384395,,,
289,1.5074764857692657,0.0038727738221373625,,,
290,1.4971976191025458,0.003836654215319989,,,
291,1.4873407861085401,0.0038012133888707025,,,
292,1.4773380216509495,0.0037656299012292947,,,
293,1.4671023012368292,0.0037301747677144143,,,
294,1.456903144151324,0.003694743718655315,,,
295,1.4466826652721618,0.003659303370859369,,,
296,1.4367716508588397,0.0036244999410517476,,,
297,1.426513508501314,0.003589315955297208,,,
298,1.41616330198553,0.0035538913828870246,,,
299,1.4058573092982234,0.0035188717382972604,,,
300,1.3953166706488604,0.003483719960867366,,,
301,1.3855956416653123,0.0034502140307309404,,,
302,1.3752014991686898,0.003415460049081171,,,
303,1.3649530476168545,0.0033811942478915087,,,
304,1.3542691248071874,0.0033465398683060585,,,
305,1.3434449181679404,0.003312123018264311,,,
306,1.3330065693902793,0.0032780302291983347,,,
307,1.322949417809501,0.0032449846862416714,,,
308,1.3125974584942814,0.0032112794504371633,,,
309,1.302129904613551,0.003177894586879574,,,
310,1.2914530802268882,0.0031440810115232224,,,
311,1.2811914246362068,0.003111444075131029,,,
312,1.2705547072439567,0.0030786257405323323,,,
313,1.2604800933375466,0.0030467680580913417,,,
314,1.249660963453654,0.0030139450381307296,,,
315,1.2393304731227073,0.0029822792798629653,,,
316,1.2287689716046892,0.0029502397563438178,,,
317,1.2182844125270016,0.0029185930388652692,,,
318,1.2081994067433561,0.0028877172034378704,,,
319,1.1977699781319853,0.0028564324167753424,,,
320,1.187061827107099,0.0028250337081122956,,,
321,1.1767069724473385,0.0027942854811411036,,,
322,1.1666653049721605,0.00276420988870262,,,
323,1.1562343018860382,0.0027340201526096495,,,
324,1.1463026252598791,0.0027048024701973065,,,
325,1.135705277950185,0.002674576584827293,,,
326,1.1257727693393655,0.0026459689274655725,,,
327,1.1157694099452562,0.0026173325440263283,,,
328,1.1056254164515429,0.0025886584114008116,,,
329,1.095545311944561,0.002560348624324525,,,
330,1.085570829178392,0.0025323906000306482,,,
331,1.0755754102430013,0.0025048680656782393,,,
332,1.0657016537669115,0.0024777302923595225,,,
333,1.0562049758270076,0.0024516386375184143,,,
334,1.0463329046022125,0.002425048255892449,,,
335,1.0367692725170738,0.0023991358015418114,,,
336,1.027251050777201,0.002373526071654052,,,
337,1.018163256379346,0.0023487579944329166,,,
338,1.0085272503330969,0.002323506978905691,,,
339,0.999205442757295,0.002298986366226878,,,
340,0.9896352567767015,0.002274188828196071,,,
341,0.9800412308651991,0.002249589555864342,,,
342,0.9706377848632781,0.0022254083425713666,,,
343,0.961459958955075,0.002202356062837945,,,
344,0.9522147710493744,0.0021791733821844546,,,
345,0.942969396712237,0.00215603068267489,,,
346,0.9341061929466233,0.002133747440045624,,,
347,0.9248840680667808,0.002111265465646163,,,
348,0.9162966119199266,0.002090245515548583,,,
349,0.9076530838000343,0.0020691244165674475,,,
350,0.8988636308865072,0.002048054168307515,,,
351,0.8900529429663409,0.0020271479749294644,,,
352,0.8819247378853651,0.002007599599854918,,,
353,0.8735054711008281,0.001987889760708489,,,
354,0.8650140339161709,0.00196832665500238,,,
355,0.8568433240409454,0.0019495587132368486,,,
356,0.8487328266159884,0.001931185873318097,,,
357,0.8403185640539574,0.0019122706619166194,,,
358,0.8322644419541544,0.0018944278730911015,,,
359,0.8244709451710915,0.0018770933206451086,,,
360,0.8171652350163447,0.0018608395688083873,,,
361,0.8093462795116769,0.001843965434843278,,,
362,0.8015901142528414,0.0018273331881236644,,,
363,0.7934505524524111,0.0018102357311522894,,,
364,0.7858260107896248,0.0017942042580794805,,,
365,0.778281625779287,0.001778436448616724,,,
366,0.7710370498900534,0.001763516274667416,,,
367,0.7637172443449778,0.0017486202815361945,,,
368,0.756597271182709,0.0017342046003396094,,,
369,0.7493304049094329,0.001719821904334279,,,
370,0.7422410786765062,0.0017058812706948524,,,
371,0.7354115975624148,0.0016926504592182335,,,
372,0.7287054714078282,0.001679657290415602,,,
373,0.7223179905269118,0.0016673835790121582,,,
374,0.7156005347938496,0.0016548190219165997,,,
375,0.7087218965854098,0.0016419844641231672,,,
376,0.7020934879344782,0.0016298168139281585,,,
377,0.69536685232519,0.0016178547970728122,,,
378,0.6892120372871511,0.0016069305025287637,,,
379,0.6829921970601271,0.0015960455670750533,,,
380,0.676884321576043,0.0015854766981712352,,,
381,0.670946045142557,0.0015753295441893382,,,
382,0.6648018460244159,0.0015649717123119287,,,
383,0.6589657117668086,0.0015552299141257447,,,
384,0.6531353010179417,0.0015456288185763114,,,
385,0.6474868907373578,0.0015365257013532304,,,
386,0.6415906756203614,0.0015271719699443541,,,
387,0.6360749015971141,0.001518340516599117,,,
388,0.6304286003777253,0.001509593869458586,,,
389,0.6250556720587359,0.001501284741935692,,,
390,0.6193042070540355,0.0014925402155038484,,,
391,0.6137608340653085,0.0014842697535932215,,,
392,0.6082723070676175,0.0014760910109758497,,,
393,0.603082753553509,0.001468586747401581,,,
394,0.5978775093601473,0.0014611712675988292,,,
395,0.5927955168815703,0.001453938738585242,,,
396,0.5878806229325821,0.0014472173288075443,,,
397,0.5829423895981354,0.0014405553368561205,,,
398,0.5781589626618844,0.0014338804227379907,,,
399,0.5734949970075982,0.0014276835453852542,,,
400,0.5688409353677308,0.001421508119310806,,,
401,0.5640463137887349,0.00141531430228431,,,
402,0.559353256132084,0.0014093334733989015,,,
403,0.5547685063519331,0.0014035659533308967,,,
404,0.5501588738552236,0.0013979528844365987,,,
405,0.5459660443808492,0.0013929290039648159,,,
406,0.5415614859986156,0.0013876220723618388,,,
407,0.5371800969212411,0.0013823759433140397,,,
408,0.5328430080616411,0.0013772078367808194,,,
409,0.5285388927714009,0.0013721084905676327,,,
410,0.5244182938868676,0.0013672973629310285,,,
411,0.5206813170858828,0.0013634030156766585,,,
412,0.5168174421778897,0.0013591100884017067,,,
413,0.5127814291469721,0.0013545049146056999,,,
414,0.5088568291169111,0.0013501853175969217,,,
415,0.5051598070711245,0.0013462915334532775,,,
416,0.5012350044257223,0.0013419999270660027,,,
417,0.497373828870809,0.0013379172551399431,,,
418,0.49360816088139337,0.0013340659283574237,,,
419,0.489922783686903,0.0013302333690724422,,,
420,0.4863754828423377,0.0013266173527276951,,,
421,0.48272856883978144,0.0013229014681337898,,,
422,0.4793481903507357,0.001319785622086684,,,
423,0.47597330652256575,0.001316674514959286,,,
424,0.4726013285907133,0.0013132773687484715,,,
425,0.46939607449608894,0.0013103001010429487,,,
426,0.466111799831178,0.001307274576713972,,,
427,0.4628521272341768,0.001304112459013445,,,
428,0.459588901248025,0.0013012421734023307,,,
429,0.45628459498909985,0.0012978621085470243,,,
430,0.453232102202149,0.001295202650048888,,,
431,0.4499417774313073,0.0012920737882947413,,,
432,0.44669085691088767,0.0012890175880938806,,,
433,0.4437203338704891,0.0012864371284491008,,,
434,0.44066969453438876,0.0012836099620169193,,,
435,0.43763151337954975,0.0012805655392012824,,,
436,0.434594495046761,0.0012778400955846803,,,
437,0.43159849063736816,0.0012751751093327483,,,
438,0.4287737441439589,0.0012728024204371653,,,
439,0.42594290082159325,0.001270127594776978,,,
440,0.42308731503655184,0.00126742547220551,,,
441,0.4203329276350929,0.0012648045470599635,,,
442,0.4173587667980782,0.0012618098992593669,,,
443,0.4144432614380398,0.0012588553218706208,,,
444,0.4114850672692428,0.0012558913542681548,,,
445,0.40864948860367994,0.0012530726590276146,,,
446,0.40586755282592446,0.0012504150618940734,,,
447,0.40316538431737176,0.001247956601066085,,,
448,0.4005660928371833,0.001245447338041041,,,
449,0.3979510715436593,0.001242928427576287,,,
450,0.3953732563790094,0.00124069536832678,,,
451,0.39276884571075216,0.0012382915340016904,,,
452,0.39019693830481217,0.0012358757288382402,,,
453,0.387634357610649,0.001233252824772554,,,
454,0.3850510938714235,0.0012306408719127049,,,
455,0.38227881807895403,0.0012276198060899711,,,
456,0.3796831861670473,0.0012250401793294445,,,
457,0.3772642444498086,0.0012225383105182116,,,
458,0.3745657599088543,0.001219551486495036,,,
459,0.37229198796692964,0.0012171699461679731,,,
460,0.36984056774290563,0.0012144304613937187,,,
461,0.3674912802730238,0.0012119444809652554,,,
462,0.3651028310192881,0.001209238724217245,,,
463,0.36272258185789813,0.001206683972172767,,,
464,0.3602433716116444,0.0012038587615489046,,,
465,0.3579640533071435,0.001201336797716087,,,
466,0.35571597529168636,0.001198897009308761,,,
467,0.3533919634623134,0.0011961446623536562,,,
468,0.3510078258643501,0.0011931354254393221,,,
469,0.34875751781727454,0.0011902461482428653,,,
470,0.3466787125733155,0.001187765906721751,,,
471,0.34429416722694184,0.0011847430502516959,,,
472,0.34214096120775794,0.001182247324342432,,,
473,0.340010283282344,0.0011795705078817928,,,
474,0.3378180866528114,0.0011766787803442578,,,
475,0.3357265268140321,0.0011740146772333533,,,
476,0.3334906305341926,0.0011711141951159072,,,
477,0.3314662949547062,0.0011684900251323527,,,
478,0.3291558525680444,0.001165191591311543,,,
479,0.32692211540288135,0.0011619546883532667,,,
480,0.3249854632046037,0.001159340622996932,,,
481,0.32285174204103956,0.0011563179059748332,,,
482,0.32068042128667407,0.0011530425902652472,,,
483,0.31854906692417434,0.0011498244499748018,,,
484,0.31662055859988575,0.0011469229143075633,,,
485,0.31468395226682877,0.001143940084339845,,,
486,0.31275144698280677,0.0011410940456292272,,,
487,0.3108149575093938,0.001138085708646839,,,
488,0.3088136200324803,0.0011348945413302066,,,
489,0.306834975499684,0.001131619840302013,,,
490,0.30489114326442135,0.001128469085492342,,,
491,0.30288489969943583,0.0011252488347525634,,,
492,0.3010434217334206,0.0011222038859060835,,,
493,0.29917590685542894,0.0011189872625061163,,,
494,0.29740703439643557,0.001116074532850505,,,
495,0.29561229686069124,0.0011130491538057516,,,
496,0.2938818996259008,0.0011100264413967246,,,
497,0.29213088507393453,0.001106918764953976,,,
498,0.2903724840192459,0.001103753983663572,,,
499,0.288785186593001,0.0011008690445920067,,,
500,0.28710754119595094,0.0010978211370862839,,,
501,0.2853689686241526,0.0010946045081274875,,,
502,0.2837919955390052,0.0010917220873213665,,,
503,0.28215728270477747,0.0010886085065364153,,,
504,0.2804637716077985,0.0010853457362743366,,,
505,0.2788830707714876,0.0010822062873200617,,,
506,0.2772591300428166,0.0010789443709628712,,,
507,0.27563356372180164,0.0010757442893482012,,,
508,0.2741165148105883,0.0010727368750795057,,,
509,0.2725736028022576,0.0010696463349933695,,,
510,0.2710179895013751,0.0010665417377832345,,,
511,0.2695374778723875,0.0010634441682173814,,,
512,0.2681012217467882,0.0010604811439258086,,,
513,0.26670398296105724,0.0010574959001969364,,,
514,0.2651450772015261,0.0010540456611042707,,,
515,0.2637032892237073,0.0010508647383747633,,,
516,0.2621959735022598,0.0010473953517364466,,,
517,0.2608380810078404,0.0010443366374148241,,,
518,0.25961719203891104,0.0010415049567890366,,,
519,0.25819002011258846,0.0010382203937585846,,,
520,0.25683448921699426,0.0010351158895771486,,,
521,0.2554626217035079,0.001031906780940031,,,
522,0.25402425252238475,0.0010284780855882956,,,
523,0.25269204215727603,0.00102530554150845,,,
524,0.25130580201676556,0.0010219404600283581,,,
525,0.24998690566797432,0.0010185865782749433,,,
526,0.24870890144821728,0.001015405735601723,,,
527,0.2474301117841803,0.0010123027498318922,,,
528,0.24620968017717612,0.0010091751559452153,,,
529,0.2450712459403742,0.001006280496609883,,,
530,0.24380089104128008,0.0010029291004354953,,,
531,0.24255382990891286,0.0009995935092110733,,,
532,0.24133844381709327,0.0009962853586555941,,,
533,0.24016637498068122,0.0009930957588281679,,,
534,0.23900583995443797,0.00098994202451939,,,
535,0.2378817072188607,0.0009868954289926814,,,
536,0.2367913980354451,0.0009840147163348437,,,
537,0.23569105982114452,0.0009809341743011225,,,
538,0.23458483376654882,0.0009777509047233545,,,
539,0.23347538167633064,0.0009746058155158198,,,
540,0.2323313756949368,0.0009713814842953953,,,
541,0.2313556537886348,0.0009685155071554131,,,
542,0.23036954693674888,0.0009655828568735314,,,
543,0.22937866512835328,0.0009625857070126769,,,
544,0.22840666149152367,0.0009595824284868974,,,
545,0.22735473882661994,0.0009564594288131382,,,
546,0.22648843229026833,0.0009538050190685073,,,
547,0.2254410722844945,0.0009506379650730935,,,
548,0.2244877159698546,0.0009476492488687532,,,
549,0.22343606471511382,0.0009443592507926244,,,
550,0.22257685747341754,0.0009415424636445351,,,
551,0.22168537576449818,0.0009387266747320599,,,
552,0.22076818247806937,0.0009358026408869002,,,
553,0.21977881297801943,0.0009326694385507317,,,
554,0.21889326819659918,0.0009297092478394902,,,
555,0.21799110543471237,0.0009267754639129124,,,
556,0.2171355223157199,0.0009238759587730258,,,
557,0.21616992878400904,0.0009205466476563631,,,
558,0.21544469778835157,0.0009179719200720405,,,
559,0.21458525635471593,0.0009149232516454219,,,
560,0.2138325599619601,0.0009122594467771275,,,
561,0.21304854868848017,0.0009095049141864869,,,
562,0.21223647643210602,0.0009066429889716533,,,
563,0.21144906767630597,0.0009037686891121676,,,
564,0.21064192547771338,0.0009008478438209038,,,
565,0.20993732231168885,0.0008981423257771887,,,
566,0.2092439203788178,0.0008954952871117034,,,
567,0.20855964764425478,0.0008929067717136672,,,
568,0.20795363397374875,0.0008905298524287768,,,
569,0.2072866990307059,0.0008879371604994592,,,
570,0.206601947825704,0.0008852617828664061,,,
571,0.20584133078396272,0.000882396983327149,,,
572,0.20517650282667968,0.0008797339457477485,,,
573,0.20451038643544595,0.000877056559921296,,,
574,0.20387803196768478,0.0008745077039475709,,,
575,0.20320292600460774,0.0008717086344344646,,,
576,0.20255871662216482,0.0008690566201895281,,,
577,0.20193455743184185,0.0008664568840422404,,,
578,0.20133590255369896,0.0008639758303932345,,,
579,0.2006856580112057,0.000861272358700877,,,
580,0.20000675973200865,0.0008584664188324982,,,
581,0.19939194695829374,0.0008558399209534007,,,
582,0.19880193203335453,0.0008533062896676921,,,
583,0.19815315735473069,0.0008504616704651778,,,
584,0.19752500023776293,0.0008477835610894432,,,
585,0.1969191501001228,0.0008450770727345952,,,
586,0.1963670397012972,0.0008425905579536752,,,
587,0.19584871548065588,0.0008401663988925143,,,
588,0.19529768841950323,0.0008376641954185853,,,
589,0.19479234651718882,0.0008352841509213828,,,
590,0.19425807795999897,0.0008328069767788452,,,
591,0.19363281986001757,0.0008300938438515664,,,
592,0.19311215781372246,0.000827669425277118,,,
593,0.1926054727037585,0.0008252465439962998,,,
594,0.1921019388139974,0.0008228197655909394,,,
595,0.19156215621118014,0.0008202438088748994,,,
596,0.19107000652848502,0.0008178607060673651,,,
597,0.19064632013195187,0.0008157263900501541,,,
598,0.1901432950814467,0.0008132493155806694,,,
599,0.18966279960005017,0.0008108367059237298,,,
600,0.1891779605296937,0.0008084268778546623,,,
601,0.18867953245574057,0.0008059476875610859,,,
602,0.18811201623758272,0.0008031950231059924,,,
603,0.1876759275865038,0.0008008651823055293,,,
604,0.18715767651667314,0.0007982193695388833,,,
605,0.1866969628397353,0.000795806282768522,,,
606,0.18624542092242513,0.0007934049446243492,,,
607,0.1857813088574451,0.0007909080946969292,,,
608,0.1852977975926171,0.0007884857071247844,,,
609,0.18480516097660724,0.0007859404390267431,,,
610,0.18442247319247118,0.0007837908023000897,,,
611,0.1840035751263374,0.0007814640268902353,,,
612,0.1836179485499141,0.0007792184373508167,,,
613,0.1831769453595613,0.0007767809824468817,,,
614,0.18271724514483295,0.0007743143171756332,,,
615,0.1822820467032308,0.0007720031197113674,,,
616,0.18187087430952412,0.0007696970228000736,,,
617,0.18146100491742,0.0007674544943333629,,,
618,0.18102890116205844,0.0007650585138830848,,,
619,0.18061538504168353,0.0007626698071708378,,,
620,0.1802081831377789,0.0007603358806395095,,,
621,0.17980286281041102,0.0007579658275635639,,,
622,0.1793519133839963,0.000755546281828329,,,
623,0.17895523986263878,0.0007531924386325678,,,
624,0.17853654544247086,0.00075077746606441,,,
625,0.178224078710891,0.0007487230109861566,,,
626,0.17784771972829758,0.0007464609455588616,,,
627,0.17747936870207198,0.0007442378711305803,,,
628,0.17703423481460215,0.0007417700682290241,,,
629,0.1766534931202,0.0007395070345743338,,,
630,0.17627575887038163,0.0007372310994864667,,,
631,0.17589083949367734,0.0007349420817478935,,,
632,0.17551930742643268,0.0007326890359257698,,,
633,0.17522359505481133,0.0007306559898456895,,,
634,0.1748921891115332,0.000728414651886822,,,
635,0.17449560998517574,0.0007260582940898466,,,
636,0.17414080496455184,0.0007238231012883365,,,
637,0.17379575462765637,0.0007215818291097181,,,
638,0.17342885431017563,0.0007192753154297168,,,
639,0.17310058946026954,0.0007170856370835825,,,
640,0.17270609272006598,0.0007147075561198077,,,
641,0.17244674247657693,0.000712713425415272,,,
642,0.17209629064226717,0.0007104226330402156,,,
643,0.1717009177398245,0.000708059267867009,,,
644,0.1713930449858356,0.0007059526158392133,,,
645,0.17106077436064102,0.0007037941294458086,,,
646,0.17070602842536137,0.0007015196267877758,,,
647,0.17038610335009555,0.0006993658030620899,,,
648,0.1700649853129181,0.0006972163814295105,,,
649,0.16972691000996715,0.0006949529059451032,,,
650,0.169474110577293,0.0006929646454289029,,,
651,0.16912897009117028,0.0006906858927478991,,,
652,0.1688571931153477,0.000688707752881682,,,
653,0.16852812172911075,0.0006865811851838873,,,
654,0.16827072761138712,0.0006846274726042173,,,
655,0.16798851996979444,0.0006826426768035467,,,
656,0.16775521851549177,0.0006807750258516447,,,
657,0.16748888728171535,0.0006787429306422731,,,
658,0.16722112860607175,0.0006767089701644271,,,
659,0.1669456280831617,0.0006746906348531416,,,
660,0.16665315294347635,0.0006726155995963737,,,
661,0.16636570316517788,0.0006705057740957009,,,
662,0.16607606342003076,0.0006684889976924024,,,
663,0.16580146931308548,0.0006664824023341516,,,
664,0.16556242810822783,0.0006646329404224761,,,
665,0.16532472854908814,0.0006627189841876364,,,
666,0.16505865829572908,0.0006607485473091002,,,
667,0.16479303824273353,0.0006587781825655319,,,
668,0.16455267356273584,0.0006568221394389494,,,
669,0.1642715633387549,0.0006547795264901711,,,
670,0.16403113521085586,0.0006528842452902991,,,
671,0.16376852996983185,0.0006509464637533502,,,
672,0.16347516104876555,0.0006489282571296442,,,
673,0.16320026020056005,0.0006469393661661757,,,
674,0.16296908774327099,0.0006450936225350805,,,
675,0.16269483862334666,0.0006431171234879447,,,
676,0.16242723291728364,0.0006411311794147979,,,
677,0.16217467221851387,0.0006391417779967436,,,
678,0.16191728069920958,0.0006371685692475188,,,
679,0.16170439560434532,0.0006353095893898986,,,
680,0.16142602110642712,0.0006332554483578077,,,
681,0.1612155969150792,0.0006314314862710642,,,
682,0.16099133163996235,0.0006295617367212891,,,
683,0.16069695201866352,0.0006276019421917054,,,
684,0.16040052559174225,0.0006255730402894838,,,
685,0.16017476511395837,0.0006237362736975552,,,
686,0.1598960292596101,0.0006216807532843117,,,
687,0.15964411698252803,0.0006197682440212816,,,
688,0.159390738121382,0.0006178858013129102,,,
689,0.15917389488617628,0.0006160651921781268,,,
690,0.15890820597848754,0.0006141009302003642,,,
691,0.15867128639465697,0.0006121928556880708,,,
692,0.1584024625956037,0.0006102333029544739,,,
693,0.15814556292967302,0.0006083206486032369,,,
694,0.15794750358869644,0.0006065924045619945,,,
695,0.15765504266540617,0.000604576809835325,,,
696,0.15739513827812873,0.0006027013530960518,,,
697,0.1571765860271306,0.0006008529943585238,,,
698,0.15697441476575433,0.0005991308130269891,,,
699,0.1567553706561237,0.0005973178715934416,,,
700,0.156532547594468,0.0005955012021052451,,,
701,0.15627750670617593,0.0005936202516233215,,,
702,0.15599688289517177,0.0005916204299020209,,,
703,0.15580253174919784,0.0005898572251244274,,,
704,0.15554535428833813,0.0005879803515536771,,,
705,0.1553660896323345,0.0005863311742010519,,,
706,0.15515738452814373,0.0005846302211982871,,,
707,0.15492047832300743,0.0005828357527935153,,,
708,0.15464868196625442,0.0005809817632824727,,,
709,0.15447368346820908,0.0005793047189639151,,,
710,0.15430798681205954,0.0005777690183027493,,,
711,0.15412026294625325,0.0005761569759751656,,,
712,0.15390085813939622,0.0005744322935684893,,,
713,0.15369744138604038,0.0005727604974814841,,,
714,0.1534370924402678,0.00057094548887601,,,
715,0.15324697849374536,0.0005692809285401034,,,
716,0.15304238711641294,0.0005675785079049208,,,
717,0.15292356977499214,0.0005661444041167254,,,
718,0.1526781406728373,0.0005643401720968402,,,
719,0.15248442478393728,0.0005627107104712625,,,
720,0.15228223452471865,0.0005610596168366502,,,
721,0.15202379469859037,0.000559204369871413,,,
722,0.15181573956263733,0.0005575468463237836,,,
723,0.1516166707917418,0.0005558913845829139,,,
724,0.1514430781320981,0.0005543553600818978,,,
725,0.15124959345428193,0.0005527263876429857,,,
726,0.15104542805715543,0.0005511609243921542,,,
727,0.15088763614673464,0.0005496263304244918,,,
728,0.15072932371442782,0.0005480977791732908,,,
729,0.15054542123301345,0.0005464464921932017,,,
730,0.15037946262583518,0.0005449027825661254,,,
731,0.15021309489298684,0.000543402717621083,,,
732,0.15003129141802543,0.0005418007008476403,,,
733,0.14986613988046651,0.0005402966025607682,,,
734,0.1496709924033076,0.0005386704851335073,,,
735,0.14943437231234682,0.000536954989764391,,,
736,0.1492521482415414,0.0005354184295052826,,,
737,0.14912843787076932,0.0005340477596887319,,,
738,0.14892200272175607,0.0005325197129749052,,,
739,0.1487330924625773,0.000530973633078636,,,
740,0.148547450852103,0.0005294352383394971,,,
741,0.14839058733476274,0.0005279770358753114,,,
742,0.14821682997297395,0.0005265221085519003,,,
743,0.14802801790018635,0.0005250091793161375,,,
744,0.14786369200136898,0.0005235698069685985,,,
745,0.147699644789049,0.0005220952191060251,,,
746,0.1475085479490923,0.0005205697308429974,,,
747,0.1473458088428527,0.0005191045725422815,,,
748,0.1471819275856779,0.0005177105167447041,,,
749,0.14700141455591867,0.000516220101204552,,,
750,0.14686146938444494,0.0005149416596667375,,,
751,0.14671941173414402,0.0005135481127086037,,,
752,0.14659831433349188,0.0005121914529844419,,,
753,0.14644976645475363,0.0005107613347050997,,,
754,0.14630307104083604,0.0005093945545993888,,,
755,0.1461490773484822,0.0005080312634461615,,,
756,0.1459726046464742,0.0005066192617971303,,,
757,0.14581046870913641,0.000505201234868599,,,
758,0.14568672696582535,0.00050389405693162,,,
759,0.14552987368339337,0.0005025118110758401,,,
760,0.14535441770027185,0.0005010570722103299,,,
761,0.14523415266568884,0.0004997618830483767,,,
762,0.14509380945550393,0.000498440068642926,,,
763,0.14496000156176078,0.0004971022903933451,,,
764,0.1448334423442191,0.0004958803323597492,,,
765,0.1446824355350421,0.000494518583451012,,,
766,0.14449517296060777,0.0004930716367497777,,,
767,0.1443370771236273,0.000491687090400229,,,
768,0.14421956432849406,0.0004903920483239071,,,
769,0.14408660663595582,0.0004890816797331687,,,
770,0.14396480567929804,0.00048787407110362446,,,
771,0.14390513496005522,0.0004868201395260821,,,
772,0.14376915458311207,0.0004855412172640563,,,
773,0.1436753045559372,0.0004843435490167307,,,
774,0.14350751655642988,0.00048304062862702734,,,
775,0.14338575230917275,0.0004817885986444117,,,
776,0.14325365560077297,0.00048053304855583844,,,
777,0.14314619273398635,0.00047931684459205626,,,
778,0.14309109198933706,0.0004782300666051482,,,
779,0.14298587386195277,0.00047707602725312505,,,
780,0.1428828504287291,0.0004759296913036747,,,
781,0.14273786024112722,0.00047468694775872603,,,
782,0.14263354739704392,0.0004735154220568757,,,
783,0.14251045528222933,0.0004722859563732971,,,
784,0.1423338591250601,0.00047086763308763557,,,
785,0.14224460691411925,0.00046974895120927007,,,
786,0.1421386103189506,0.0004685806057245572,,,
787,0.14203828903353916,0.00046743316987554474,,,
788,0.14193639444221326,0.00046627544481950435,,,
789,0.14183021217439695,0.0004651102001706354,,,
790,0.14172082874407113,0.0004640201151876223,,,
791,0.14157643031539457,0.00046274431430075357,,,
792,0.14146475083448382,0.0004616549473471928,,,
793,0.14133547948920686,0.0004604106841226223,,,
794,0.14124050286210596,0.00045929968188669255,,,
795,0.14115693427725204,0.00045814329096431503,,,
796,0.14106988787898594,0.00045701136286801445,,,
797,0.14096759863786415,0.000455884720004418,,,
798,0.1408646852714248,0.00045475655048700484,,,
799,0.14078761723276953,0.000453729673560691,,,
800,0.14068973099603077,0.000452691804527028,,,
801,0.14059784702637293,0.0004516109222566747,,,
802,0.14047664782554578,0.000450438889623969,,,
803,0.14039064897967266,0.0004493936815401453,,,
804,0.14028980343330175,0.0004482617161551157,,,
805,0.14018261839603252,0.0004471184523122448,,,
806,0.14013527444642773,0.0004462303159475724,,,
807,0.14003705627802526,0.00044519817034385784,,,
808,0.1399811114594312,0.0004442350543616681,,,
809,0.13988654338303275,0.0004432172016052974,,,
810,0.13980606288776648,0.00044217048435074785,,,
811,0.13971130693112407,0.0004411082487375636,,,
812,0.13961635401455633,0.0004400793259297714,,,
813,0.1395601992780356,0.00043914188869914286,,,
814,0.13945675077964195,0.00043808202290600756,,,
815,0.13938790368525728,0.0004371622324082694,,,
816,0.13933823501951242,0.00043631471377918,,,
817,0.13924765824887014,0.00043529576699722933,,,
818,0.13917292602543005,0.00043433784485327564,,,
819,0.13906410105108533,0.0004332577202646474,,,
820,0.13894060457613083,0.00043222193217990146,,,
821,0.13882274690106444,0.000431111479019903,,,
822,0.1387612274386965,0.0004301931255091138,,,
823,0.13868216836415972,0.0004292904372591325,,,
824,0.13861416995520195,0.000428360435414375,,,
825,0.13854843917747792,0.0004274590781968148,,,
826,0.13849573212671418,0.0004265793166342215,,,
827,0.1383916028470233,0.00042557469911535433,,,
828,0.13827024272150915,0.0004245491071854126,,,
829,0.13820727103175093,0.00042360643749575055,,,
830,0.13815067673928405,0.0004227322636656376,,,
831,0.1380813555877918,0.00042183496579280657,,,
832,0.1380090199848862,0.0004208808032538134,,,
833,0.13793607095067795,0.0004199682317211089,,,
834,0.13788503364331847,0.00041909522043228167,,,
835,0.137864255830292,0.00041828172168554076,,,
836,0.13776908561512122,0.000417318438707069,,,
837,0.1376962749558778,0.00041640993759244803,,,
838,0.13757552524241354,0.00041543877918733137,,,
839,0.13751342252706736,0.00041457318582128116,,,
840,0.13744536513078928,0.00041371112318379653,,,
841,0.13738109526139344,0.0004128430972026734,,,
842,0.13732060814342406,0.00041201494546314304,,,
843,0.1372411520177521,0.00041111380267690325,,,
844,0.13717584495928306,0.00041024882616169336,,,
845,0.1371419894018935,0.00040947277534782763,,,
846,0.13710878544176505,0.0004086511176085534,,,
847,0.1370620531284496,0.00040781802995245366,,,
848,0.13702497269058492,0.0004070128439086217,,,
849,0.13696309865799716,0.00040617038013617506,,,
850,0.13695457133561062,0.00040546004406660855,,,
851,0.13693367949648363,0.00040474139785076125,,,
852,0.13687573391536945,0.00040391228848192246,,,
853,0.13680955903333988,0.0004031069480021374,,,
854,0.13676583031682116,0.0004023845689479473,,,
855,0.1367361603342285,0.0004016697587721106,,,
856,0.13667984261966798,0.00040090364811353596,,,
857,0.13665490935386873,0.00040016471123724255,,,
858,0.13663160661821927,0.00039943532711546597,,,
859,0.13656650043453386,0.00039864895589065996,,,
860,0.13653603140645496,0.00039790153913071754,,,
861,0.13645236872116773,0.0003970161736610311,,,
862,0.13644271242937966,0.0003962792060334907,,,
863,0.1364199281095904,0.00039559959390370617,,,
864,0.13636812944067,0.0003948162193117901,,,
865,0.13634130167381747,0.0003941321090624222,,,
866,0.13630493872495714,0.00039332339242965155,,,
867,0.13628277154389784,0.00039261171666101163,,,
868,0.1362413707994147,0.0003919099692747982,,,
869,0.13619450485446938,0.0003911812674361457,,,
870,0.13616475282773424,0.0003904581357550877,,,
871,0.1361307478074798,0.0003897783207477694,,,
872,0.13609510527972274,0.00038907953955847946,,,
873,0.13610457577698046,0.00038845027455059036,,,
874,0.1361078004777067,0.00038779010057899094,,,
875,0.1361030680485613,0.00038708425916270816,,,
876,0.13606724337732307,0.00038632819732439464,,,
877,0.13603855157460834,0.00038563247181759585,,,
878,0.13597790296058257,0.00038482259812355697,,,
879,0.1359340814899536,0.00038407810721053905,,,
880,0.13591544605499395,0.00038342045142427035,,,
881,0.1359104387603867,0.00038276264960732006,,,
882,0.1358686262552375,0.0003819869000731298,,,
883,0.13581927606856922,0.00038130050930962713,,,
884,0.13580365387556112,0.0003805984314403542,,,
885,0.13579757040858095,0.0003799430818637865,,,
886,0.13576713488815914,0.0003792057727851197,,,
887,0.13573951713975424,0.00037853623189970057,,,
888,0.13570581049032895,0.00037784619190493036,,,
889,0.1357198322492572,0.0003772389239745552,,,
890,0.13567583206754982,0.0003764975579127445,,,
891,0.1356412593461287,0.00037587514023449265,,,
892,0.13559332402353927,0.0003751807679232643,,,
893,0.13562334357951894,0.0003746501598868766,,,
894,0.1356008689038333,0.00037392373672543724,,,
895,0.1355461777732401,0.0003732004087669623,,,
896,0.13551666688929465,0.00037248705867165473,,,
897,0.13546252392784658,0.00037175263680812103,,,
898,0.1354518507335909,0.0003711511432850883,,,
899,0.1354428627318619,0.00037057411652914,,,
900,0.13542292094033354,0.000369926982641787,,,
901,0.13538921640322504,0.00036931404931157575,,,
902,0.13537071566523937,0.00036872501346254085,,,
903,0.13534497123127406,0.0003681787059943435,,,
904,0.13534161328673103,0.0003675958649124075,,,
905,0.13531879980189065,0.00036691700976366635,,,
906,0.13529242696144664,0.00036625427274397475,,,
907,0.13528059582073945,0.00036569563252153073,,,
908,0.13527798863722099,0.00036507383728320066,,,
909,0.13526156516178134,0.0003644779320178233,,,
910,0.13520906485903114,0.000363768008609721,,,
911,0.135187912597427,0.0003631116302810353,,,
912,0.13514438264189546,0.0003624679540577237,,,
913,0.1351229095395686,0.0003618659186787785,,,
914,0.13513723347845005,0.0003613458353217369,,,
915,0.13513009635562143,0.0003607726930002356,,,
916,0.13513904810488517,0.00036021474714627484,,,
917,0.13513687164430882,0.00035963776447792595,,,
918,0.13515678672919665,0.00035915250433101283,,,
919,0.13514439990238347,0.0003585487304027554,,,
920,0.13515996701410327,0.00035802270185045806,,,
921,0.13515572105982995,0.00035747753152211124,,,
922,0.13512041270656594,0.0003568522151605829,,,
923,0.13510845103190275,0.00035626541307651687,,,
924,0.13509008134075146,0.00035561917570055735,,,
925,0.13506439997308378,0.0003550715992267385,,,
926,0.13505967214773743,0.00035453135794738457,,,
927,0.13506017427991246,0.0003539751375546258,,,
928,0.13506563491096982,0.00035347167901079773,,,
929,0.13505017519509674,0.0003528893881550769,,,
930,0.13502376786669135,0.00035228574470171374,,,
931,0.13501613359171774,0.00035173368128103204,,,
932,0.13501641312254253,0.0003512151629370812,,,
933,0.13500576865993846,0.00035058984818340936,,,
934,0.13498795270397343,0.00035002459528701754,,,
935,0.13498547630828053,0.0003495016108146652,,,
936,0.1350425228224763,0.0003491200067660569,,,
937,0.1350311917275733,0.0003486049808192697,,,
938,0.1350022652356981,0.0003480021018513796,,,
939,0.1349697112831874,0.0003474521490650851,,,
940,0.13499401681229214,0.0003469923817798167,,,
941,0.13495892375426308,0.0003463639589670809,,,
942,0.13498358704673089,0.0003458897810284191,,,
943,0.13498952264819042,0.0003454423519530963,,,
944,0.13503429098048378,0.0003450568595481587,,,
945,0.13501607930357473,0.0003444955375947089,,,
946,0.13502463901070355,0.0003439938678314313,,,
947,0.13502825320158368,0.00034349452957340695,,,
948,0.13506223310605853,0.0003430508864082986,,,
949,0.13508046551552866,0.00034256428684421733,,,
950,0.13512026378042294,0.0003421267216417289,,,
951,0.1351217140381095,0.00034158975820858565,,,
952,0.13513263504859635,0.00034108028022255724,,,
953,0.13515934000883578,0.00034063440112069827,,,
954,0.13519626918562525,0.0003402468536400328,,,
955,0.13519879587432618,0.00033977496922742953,,,
956,0.1351623645980741,0.00033916665484757895,,,
957,0.13520259672222143,0.0003387218209068467,,,
958,0.13521276218169964,0.0003382691873741433,,,
959,0.1352200555646109,0.0003377815514572733,,,
960,0.13523520958453372,0.0003373067256995792,,,
961,0.13526174343029787,0.00033689730397879505,,,
962,0.1352949163198012,0.0003365238924717503,,,
963,0.13529364171160974,0.0003360916692228681,,,
964,0.13530459989798188,0.000335680285651347,,,
965,0.13534547381877815,0.00033524800781286105,,,
966,0.13536695392211245,0.00033481256402577306,,,
967,0.135389548382267,0.00033440862620559976,,,
968,0.13540712626791895,0.00033402881969993417,,,
969,0.1354353126230295,0.0003335536958329366,,,
970,0.1354742143006441,0.0003331476075415343,,,
971,0.1355243864999643,0.00033282785620457095,,,
972,0.13554251392136085,0.00033239573233302363,,,
973,0.13557251582327548,0.0003319964547891953,,,
974,0.1355723673718206,0.0003315340915799092,,,
975,0.13559705508455117,0.00033101354792412774,,,
976,0.13562720498102232,0.0003305989781217374,,,
977,0.13566271763555196,0.0003302561669999263,,,
978,0.13567244218925553,0.00032988529208205085,,,
979,0.13570140322029536,0.0003294781238351066,,,
980,0.13577974217984903,0.00032914830419437707,,,
981,0.13582591745480377,0.0003287795253725557,,,
982,0.13587498202619927,0.00032839475134016616,,,
983,0.13590142610667863,0.0003279953210363562,,,
984,0.13592536738825384,0.00032761577112868365,,,
985,0.13594582366303573,0.00032716422935756177,,,
986,0.13599866841958883,0.0003268016430465533,,,
987,0.136026557705656,0.000326394371348644,,,
988,0.13606760552272384,0.0003259926799191418,,,
989,0.13607789606336204,0.00032556529319015205,,,
990,0.13614774531319515,0.00032523904181824045,,,
991,0.13621837978335763,0.00032488069103341766,,,
992,0.13627536805002693,0.00032449513458963246,,,
993,0.13631903362446393,0.000324141035981046,,,
994,0.13638186328797539,0.00032382541491538614,,,
995,0.13642774995569049,0.0003234482161562627,,,
996,0.1364726387591943,0.0003230796650246316,,,
997,0.13652761589829493,0.0003227199557742777,,,
998,0.13661165690517707,0.0003224974720293808,,,
999,0.1366573467031931,0.0003220902647170206,,,
1000,0.1367070383679549,0.0003217583335164889,,,
1001,0.13676512655751147,0.0003214573818168411,,,
1002,0.1368331568084124,0.0003211456454875376,,,
1003,0.13690526097154287,0.0003208534289713513,,,
1004,0.13694962355439283,0.000320499127185857,,,
1005,0.13696822181681462,0.00032013911341709396,,,
1006,0.13705210499652154,0.00031987150655266895,,,
1007,0.137101810185411,0.0003195832227745848,,,
1008,0.13716844067811249,0.00031928299817771095,,,
1009,0.13720016944700048,0.0003189051111785365,,,
1010,0.13726510423693514,0.0003186880799842205,,,
1011,0.13732990138350387,0.0003183732494003602,,,
1012,0.13739755539249265,0.00031804926155418737,,,
1013,0.13745754589529474,0.00031769615776663354,,,
1014,0.1375417429992496,0.00031739626218959903,,,
1015,0.13758927103020252,0.00031708219086968946,,,
1016,0.1376782484276126,0.0003168041291204858,,,
1017,0.13774198691338668,0.0003164787088910366,,,
1018,0.13776333494381549,0.0003160914815925274,,,
1019,0.13783772305699776,0.00031586830217651674,,,
1020,0.1379298935791709,0.0003156188915853631,,,
1021,0.1379990408737462,0.00031531293566960955,,,
1022,0.13809063922013143,0.00031505035566175795,,,
1023,0.1381657287336386,0.000314795804391157,,,
1024,0.13820656451682872,0.00031441658567808007,,,
1025,0.13828699152643023,0.0003141396103120989,,,
1026,0.13837799458902225,0.0003139177281574404,,,
1027,0.1384757513784626,0.0003137051848003634,,,
1028,0.1385511603430923,0.00031339948230709255,,,
1029,0.13867993336740553,0.0003132402324691895,,,
1030,0.1387615236108867,0.00031303223622040606,,,
1031,0.13882359294206156,0.0003127187979827576,,,
1032,0.1388738508199055,0.00031242291873697774,,,
1033,0.1389652266360779,0.00031214527714712497,,,
1034,0.13906572024709832,0.00031194019828833337,,,
1035,0.1391486900079712,0.00031166701430655774,,,
1036,0.13921216109990212,0.0003113371317727519,,,
1037,0.13928815203521294,0.0003110496436851253,,,
1038,0.13938167561159592,0.0003108200825127788,,,
1039,0.1394668402859548,0.00031058342409651113,,,
1040,0.13957902579297637,0.00031042143508609954,,,
1041,0.1396858111147586,0.00031021744844959067,,,
1042,0.1397698621128687,0.0003098811596372317,,,
1043,0.13985760174689438,0.0003095790483647838,,,
1044,0.13996176021937015,0.0003094144497790558,,,
1045,0.14004485279288634,0.00030916042203186394,,,
1046,0.14012575642993558,0.00030889520869397015,,,
1047,0.14022111634568996,0.00030872675060686556,,,
1048,0.1403086008901356,0.0003084852118263117,,,
1049,0.14041515776701685,0.0003083287391637088,,,
1050,0.14053138804836537,0.0003081034364189767,,,
1051,0.14062943695581467,0.00030792912500247514,,,
1052,0.1407288387080804,0.00030770806883490014,,,
1053,0.14081691727222612,0.0003075562742044731,,,
1054,0.1409492694380805,0.00030741648166798325,,,
1055,0.14102598995835983,0.000307174710622308,,,
1056,0.14116938742878676,0.00030702875194043455,,,
1057,0.14126237198283828,0.0003068123878280763,,,
1058,0.14137401873817615,0.00030659139997270263,,,
1059,0.14149171653873693,0.00030636543476136375,,,
1060,0.14161513305240017,0.00030619668306496836,,,
1061,0.14172471473532194,0.0003060067651036782,,,
1062,0.14184663832151648,0.00030586433573250184,,,
1063,0.1419721842128243,0.00030577103630939195,,,
1064,0.14210534895327526,0.0003056085571745086,,,
1065,0.1422183448485138,0.00030548588539075716,,,
1066,0.14233578139810177,0.0003053390765719073,,,
1067,0.14248540786022446,0.00030521126789006164,,,
1068,0.14259008924160466,0.000305077797732182,,,
1069,0.14270346440693626,0.0003048937294211069,,,
1070,0.1428558541196073,0.00030477148622494893,,,
1071,0.14300880569584812,0.0003046608011081278,,,
1072,0.1431525511720656,0.0003045178834144848,,,
1073,0.14327278603450394,0.00030431842021894854,,,
1074,0.14343364084146562,0.00030423621161891965,,,
1075,0.14353584478139195,0.0003040672649636097,,,
1076,0.14364419412891313,0.00030385525210709194,,,
1077,0.14377788428114993,0.0003037483054678723,,,
1078,0.14393670821332394,0.0003036547055354933,,,
1079,0.1440635163483242,0.0003035105245206027,,,
1080,0.14420893668024756,0.0003033796814837211,,,
1081,0.14435444729637556,0.0003032316169894838,,,
1082,0.14448178792108998,0.0003030888890020826,,,
1083,0.1446316302500251,0.0003029774591042355,,,
1084,0.14478299380276002,0.0003028685841746171,,,
1085,0.14491489241173525,0.0003026828142162944,,,
1086,0.14505305262247406,0.0003025020449004336,,,
1087,0.14520434914515523,0.00030237308240307486,,,
1088,0.1453436832828609,0.00030227977704463385,,,
1089,0.1454951640225095,0.0003021249699844365,,,
1090,0.14562743123816121,0.0003019750351830628,,,
1091,0.14577510497699747,0.00030182801925990104,,,
1092,0.1458793138305704,0.0003016758472215492,,,
1093,0.1460323651724111,0.0003015648935859204,,,
1094,0.14620185599520322,0.00030150160623109443,,,
1095,0.14635091889728877,0.0003013351846529839,,,
1096,0.1465077379772544,0.0003011892076406712,,,
1097,0.14665506616865084,0.00030107645344043787,,,
1098,0.14680884748017373,0.0003009258633186432,,,
1099,0.146976632394838,0.0003007883107177006,,,
1100,0.14714531041051052,0.00030071314266753597,,,
1101,0.14732082703601357,0.00030066492529982837,,,
1102,0.14747231974258074,0.0003005708754705873,,,
1103,0.14764924057766532,0.00030048083574814945,,,
1104,0.1477867647164471,0.0003003336390102842,,,
1105,0.14796350244653125,0.0003002670357202745,,,
1106,0.14813995631804824,0.000300191806502982,,,
1107,0.14833483321734273,0.0003001311088970395,,,
1108,0.14849629877681153,0.0003000398483607484,,,
1109,0.14867162921323995,0.0002999778755823036,,,
1110,0.14885325094929008,0.0002999154622308637,,,
1111,0.1490327263876666,0.000299848982686361,,,
1112,0.14920863632200387,0.00029974963992286966,,,
1113,0.14940053266786082,0.00029965343767898093,,,
1114,0.14956162667479714,0.00029959640979203186,,,
1115,0.14973470109636475,0.00029956186839290983,,,
1116,0.1499245610486486,0.0002995175967839326,,,
1117,0.15010266663554386,0.0002994367551015913,,,
1118,0.15030209608929596,0.0002993524263491845,,,
1119,0.15047268759597132,0.0002992005566956072,,,
1120,0.15065391430480177,0.0002992117673356973,,,
1121,0.1508597214033484,0.00029922584495951807,,,
1122,0.1510410580069094,0.00029912690997182514,,,
1123,0.15123820455499068,0.0002990659399792226,,,
1124,0.15141994498489256,0.00029898653457383865,,,
1125,0.15161164826168397,0.0002989222169336811,,,
1126,0.15179733148906452,0.00029886296653673997,,,
1127,0.15197904041259774,0.00029879566973329495,,,
1128,0.15217078151101843,0.0002987691860743834,,,
1129,0.15238812511723876,0.0002988106919834752,,,
1130,0.15259806707760218,0.00029878669395674097,,,
1131,0.1527950955573093,0.0002987260498308285,,,
1132,0.15301452376011182,0.0002986981015677703,,,
1133,0.15321728322016123,0.00029862277165570246,,,
1134,0.15341092585436242,0.0002985712142435649,,,
1135,0.1536485576057723,0.00029859805683382537,,,
1136,0.1538547417063845,0.000298594959416032,,,
1137,0.15406306884551718,0.00029854505771935083,,,
1138,0.15428924205198524,0.0002985213539098622,,,
1139,0.15451189710055618,0.00029851563265748826,,,
1140,0.15473250262489752,0.0002985381196245548,,,
1141,0.15495478128846066,0.00029853017642480573,,,
1142,0.1551849408530554,0.0002984987613188765,,,
1143,0.15541418272737284,0.0002985027540774461,,,
1144,0.15563610024677832,0.00029852108022349164,,,
1145,0.1558746904701087,0.00029850904876132747,,,
1146,0.15610523997615824,0.00029850654105006004,,,
1147,0.15633808367343274,0.0002984880765163617,,,
1148,0.1565857992095057,0.00029849048160082204,,,
1149,0.1567948603593451,0.0002984584379425877,,,
1150,0.15700104633923703,0.0002983810454509789,,,
1151,0.1572531623440381,0.00029841932347308904,,,
1152,0.1574602128969311,0.00029835334916383674,,,
1153,0.15769597510997893,0.00029832327764887933,,,
1154,0.15791963713818913,0.0002983424820694236,,,
1155,0.15817018531372679,0.00029842494044563276,,,
1156,0.15840299249622894,0.0002984230379494202,,,
1157,0.15866449522081436,0.00029845347499147086,,,
1158,0.15890311263040258,0.00029841892177015397,,,
1159,0.15913395591311275,0.0002984884357495152,,,
1160,0.1593783905511246,0.0002985190722271508,,,
1161,0.15963847874641895,0.00029857920634627437,,,
1162,0.1599000518975795,0.00029863804610719813,,,
1163,0.16013374909120223,0.00029863299674196155,,,
1164,0.16039140586657324,0.0002986464929958328,,,
1165,0.16064199105755655,0.00029870735449345764,,,
1166,0.16088517319206722,0.00029867773935099217,,,
1167,0.16112263642336258,0.0002986802160668797,,,
1168,0.16137281204832396,0.0002986493190808857,,,
1169,0.16162980048926917,0.0002986938513058528,,,
1170,0.16186849508708354,0.0002986887891871464,,,
1171,0.16212199281830283,0.0002987037010721315,,,
1172,0.1623641070752734,0.00029867515205624236,,,
1173,0.16262764525068013,0.00029870671787085476,,,
1174,0.16286994649493866,0.0002987293987849778,,,
1175,0.1631324057143084,0.0002987185867304409,,,
1176,0.1633821759911849,0.0002986605688533995,,,
1177,0.16362857241721407,0.0002986675281316915,,,
1178,0.16389269164662634,0.00029872782997978226,,,
1179,0.16416685775698478,0.0002987305437794219,,,
1180,0.16441195384893237,0.0002987148811346525,,,
1181,0.16468233860291975,0.00029876005738965007,,,
1182,0.1649430634340423,0.00029875598840860826,,,
1183,0.16520890317557685,0.0002988066477869536,,,
1184,0.16548407857487538,0.0002988649402169061,,,
1185,0.1657698302578414,0.0002989107496247231,,,
1186,0.16604326182250845,0.00029893620569487945,,,
1187,0.16629703890179218,0.00029894028715450713,,,
1188,0.16655989592308157,0.0002989561489580467,,,
1189,0.1668297971488709,0.00029897667679553444,,,
1190,0.16711380354802838,0.0002990019654779499,,,
1191,0.16737910937360836,0.0002990549417246641,,,
1192,0.16764890424884613,0.00029903659436052957,,,
1193,0.16792183088605134,0.0002990275852892767,,,
1194,0.16822907292112216,0.0002991137470573521,,,
1195,0.16849905143261082,0.0002990912667275682,,,
1196,0.16877460423120186,0.0002990840436085809,,,
1197,0.16902905605338342,0.0002990172376897249,,,
1198,0.16928625580973697,0.00029901152853646385,,,
1199,0.16952988001546435,0.0002989984116571071,,,
1200,0.1698164217125081,0.00029909175325270183,,,
